,Epoch,Step,Discriminator Loss,Generator Classification Loss,Generator MSE Loss,Generator Loss
0,0,19,1.2688285380601882,0.6613324731588364,0.10473765172064305,0.1060603154823184
1,0,39,0.7645647153258324,0.4361758932471275,0.032063134014606476,0.03293548598885536
2,0,59,0.6348969623446464,0.41816056072711943,0.026451190281659365,0.027287511527538298
3,0,79,0.5837145879864692,0.2973043203353882,0.02519264128059149,0.025787249859422445
4,0,99,0.7201633334159852,0.2836756661534309,0.023433399479836227,0.024000750947743656
5,0,119,0.5775202184915542,0.257329285889864,0.02223677923902869,0.022751437779515982
6,0,139,0.6880162492394447,0.2695657156407833,0.02219939697533846,0.022738528344780205
7,0,159,0.5651351675391197,0.22656721621751785,0.020997387077659368,0.021450521517544986
8,0,179,0.5556106522679329,0.19544863179326058,0.02033877968788147,0.02072967691347003
9,1,19,0.645289757847786,0.22755500599741935,0.022490270249545575,0.022945380117744208
10,1,39,0.5725621476769447,0.20973444804549218,0.01994009641930461,0.020359565457329153
11,1,59,0.5624507620930672,0.19960762821137906,0.018849841272458433,0.019249056512489916
12,1,79,0.5576057866215706,0.1905799277126789,0.019513218197971582,0.01989437835291028
13,1,99,0.5580079838633537,0.16362309865653515,0.017763398587703705,0.018090644758194684
14,1,119,0.5483488216996193,0.1754162535071373,0.01911688195541501,0.01946771452203393
15,1,139,0.5472727522253991,0.17171242386102675,0.018292151484638454,0.018635576218366624
16,1,159,0.5445168033242226,0.15889680236577988,0.018028374714776873,0.018346168333664536
17,1,179,0.5493274569511414,0.16073151417076587,0.0177757712546736,0.01809723414480686
18,2,19,0.6320686385035514,0.17889288254082203,0.020393251115456222,0.020751037076115607
19,2,39,0.5441658914089202,0.15797180458903312,0.017482496658340098,0.017798440298065543
20,2,59,0.5438556492328643,0.15855621360242367,0.01736122495494783,0.01767833735793829
21,2,79,0.541290833055973,0.15307698734104633,0.017888372857123615,0.018194526759907605
22,2,99,0.5462969481945038,0.16246741637587547,0.017655181232839823,0.01798011581413448
23,2,119,0.5445010855793952,0.15179006569087505,0.019289883971214294,0.019593464210629463
24,2,139,0.5968007698655129,0.18127880319952966,0.0174441693816334,0.017806727066636087
25,2,159,0.54891407340765,0.14949404038488864,0.018657969776540995,0.01895695789717138
26,2,179,0.5466044276952744,0.15332232043147087,0.017885074438527226,0.018191719148308038
27,3,19,0.709237402677536,0.1844553265720606,0.02028249315917492,0.020651403907686473
28,3,39,0.5471908718347549,0.16713594757020472,0.016598649183288218,0.016932921251282096
29,3,59,0.5423073247075081,0.17247614338994027,0.01762600364163518,0.01797095574438572
30,3,79,0.544223839044571,0.16822012960910798,0.01734152128919959,0.017677961476147176
31,3,99,0.5476347148418427,0.1613512523472309,0.01697337329387665,0.017296075960621236
32,3,119,0.5396957352757454,0.15877338126301765,0.016797973634675147,0.017115520592778922
33,3,139,0.5404743671417236,0.14962463304400445,0.016535020619630813,0.016834269929677247
34,3,159,0.5377369582653045,0.14976700097322465,0.016998811066150664,0.017298344988375902
35,3,179,0.5399387702345848,0.14622169882059097,0.017076138081029056,0.017368581611663103
36,4,19,0.6195848941802978,0.17898917496204375,0.018388212472200394,0.01874619098380208
37,4,39,0.5381728127598763,0.14330337047576905,0.018073871731758118,0.018360478430986406
38,4,59,0.5395486935973167,0.14790133163332939,0.017266488494351508,0.01756229125894606
39,4,79,0.5432238504290581,0.16080558225512503,0.015982787078246474,0.0163043980486691
40,4,99,0.5433250486850738,0.15034619718790054,0.01612585815601051,0.016426550457254052
41,4,119,0.5375221580266952,0.14188130795955659,0.016582678817212582,0.01686644139699638
42,4,139,0.5367266640067101,0.13953641280531884,0.016777767986059188,0.017056840797886254
43,4,159,0.537805013358593,0.1324177898466587,0.016093310387805104,0.016358145978301764
44,4,179,0.5369406580924988,0.1317242354154587,0.01684029963798821,0.01710374802350998
45,5,19,0.6178321033716202,0.16096171885728836,0.018094262620434166,0.018416186142712832
46,5,39,0.5372182667255402,0.14285234063863755,0.0166099117603153,0.016895616287365557
47,5,59,0.5383509680628776,0.1414357490837574,0.01632590531371534,0.016608776850625874
48,5,79,0.5359814062714576,0.13837720453739166,0.016542534762993454,0.01681928928010166
49,5,99,0.5382748410105705,0.14877059385180474,0.016284188069403172,0.016581729287281632
50,5,119,0.5365412428975105,0.13683749437332154,0.01706171133555472,0.017335386434569954
51,5,139,0.5362019017338753,0.14208139926195146,0.016703508980572223,0.01698767193593085
52,5,159,0.5361040517687797,0.14329010397195815,0.01623578886501491,0.01652236911468208
53,5,179,0.5364656046032905,0.1443602994084358,0.016444599349051715,0.016733320057392122
54,6,19,0.617790213227272,0.1647331766784191,0.01799032520502806,0.01831979164853692
55,6,39,0.5354667797684669,0.14079885706305503,0.0168025191873312,0.017084116768091916
56,6,59,0.5376822754740715,0.13977168425917624,0.0167559249792248,0.01703546829521656
57,6,79,0.5356666505336761,0.13286896497011186,0.01655233995988965,0.016818077955394983
58,6,99,0.5358808517456055,0.1412792332470417,0.016070080921053886,0.01635263944044709
59,6,119,0.5354839608073234,0.13962089791893958,0.01607365272939205,0.01635289443656802
60,6,139,0.5362311214208603,0.13854172602295875,0.01649832711555064,0.016775410622358322
61,6,159,0.5358260750770569,0.14000769704580307,0.016595595236867666,0.016875610454007983
62,6,179,0.5363022118806839,0.14202324189245702,0.016464586835354567,0.016748633235692978
63,7,19,0.6162366360425949,0.16789008118212223,0.018036412401124836,0.01837219251319766
64,7,39,0.5364976763725281,0.14642124101519585,0.015962869906798006,0.016255712369456887
65,7,59,0.5356193646788597,0.14072546623647214,0.015557506820186973,0.015838957531377672
66,7,79,0.5354306399822235,0.13504684939980507,0.016672369092702866,0.016942462883889675
67,7,99,0.5355415061116219,0.14204127192497254,0.01608813414350152,0.01637221658602357
68,7,119,0.5355647951364517,0.13642532229423524,0.01659126174636185,0.016864112205803396
69,7,139,0.5363658800721168,0.13439977243542672,0.015748695563524963,0.01601749500259757
70,7,159,0.5352905467152596,0.13900123611092569,0.016134627861902118,0.016412630304694177
71,7,179,0.5356947183609009,0.13320737592875959,0.016333376755937934,0.01659979149699211
72,8,19,0.6170630723237991,0.16522972136735917,0.018074100371450186,0.018404559697955847
73,8,39,0.5364953264594078,0.1333653476089239,0.01595756565220654,0.016224296251311898
74,8,59,0.5349421411752701,0.13019064031541347,0.01680376515723765,0.017064146231859922
75,8,79,0.5352397039532661,0.13723521679639816,0.015681424597278237,0.015955895045772196
76,8,99,0.5365416005253791,0.1378796838223934,0.0158203661441803,0.016096125543117522
77,8,119,0.535073408484459,0.13610271438956262,0.015660503320395945,0.01593270865269005
78,8,139,0.535387322306633,0.1329160176217556,0.016438139602541924,0.016703971568495034
79,8,159,0.5356060937047005,0.13578698709607123,0.01613843338564038,0.016410007467493416
80,8,179,0.5349017903208733,0.13722043186426164,0.015698753390461208,0.01597319436259568
81,9,19,0.6163108423352242,0.17267784625291824,0.017662007268518208,0.018007362820208074
82,9,39,0.5351585373282433,0.14045888632535936,0.01542597902007401,0.015706896595656872
83,9,59,0.5356687754392624,0.13860287964344026,0.016062870528548955,0.016340076411142945
84,9,79,0.5357127383351326,0.14024859443306922,0.016745133372023702,0.017025630548596384
85,9,99,0.5353180646896363,0.14077679738402366,0.015496257413178682,0.01577781098894775
86,9,119,0.5343878045678139,0.14447508454322816,0.016047970531508325,0.016336920810863374
87,9,139,0.5353696539998054,0.14766147881746292,0.01610038597136736,0.016395708778873086
88,9,159,0.5355622500181199,0.14280708730220795,0.01587664377875626,0.01616225796751678
89,9,179,0.5365279719233513,0.141251839697361,0.015381680615246297,0.015664184233173728
90,10,19,0.615876242518425,0.1563982717692852,0.018656862108036874,0.018969658575952054
91,10,39,0.5361962810158729,0.13079502210021018,0.015788383316248655,0.016049973387271165
92,10,59,0.535315814614296,0.134349213168025,0.015966132981702685,0.016234831558540462
93,10,79,0.5346466645598411,0.13429891914129258,0.016332369530573487,0.016600967571139335
94,10,99,0.5347679182887077,0.138315661996603,0.015182661777362227,0.015459293173626066
95,10,119,0.5344317391514778,0.1429930306971073,0.015085680549964309,0.015371666476130485
96,10,139,0.5349074989557266,0.13836848139762878,0.016102276090532542,0.016379013191908598
97,10,159,0.5345334693789482,0.13961290419101716,0.015807376150041817,0.016086601931601763
98,10,179,0.5353544324636459,0.13878967836499215,0.015422339085489511,0.015699918521568178
99,11,19,0.6151496276259423,0.15813846737146378,0.01799109564162791,0.018307372368872164
100,11,39,0.5344779074192048,0.14021401181817056,0.015855906903743743,0.016136335022747517
101,11,59,0.5358845874667167,0.13646183162927628,0.016501435125246645,0.016774358786642553
102,11,79,0.535282526910305,0.14163457229733467,0.015748763969168068,0.016032033180817962
103,11,99,0.5348420605063439,0.13419624045491219,0.015814308961853384,0.016082701599225403
104,11,119,0.5347250461578369,0.1379268430173397,0.015368562936782838,0.015644416585564612
105,11,139,0.5345581099390984,0.1397202081978321,0.014997252356261015,0.015276692667976021
106,11,159,0.5354705318808556,0.14251021146774293,0.01616118191741407,0.016446202574297786
107,11,179,0.5353620886802674,0.14288791939616202,0.015569032169878483,0.015854808082804085
108,12,19,0.6152373403310776,0.16231559962034225,0.018142559146508575,0.018467190349474548
109,12,39,0.5344449356198311,0.1360167980194092,0.016084491880610584,0.016356525523588062
110,12,59,0.5352731168270111,0.13372180014848709,0.015276209358125925,0.01554365288466215
111,12,79,0.5345216482877732,0.13508246019482611,0.015210963599383832,0.01548112859018147
112,12,99,0.5357215747237205,0.1293489672243595,0.015748061379417776,0.016006759321317076
113,12,119,0.5351448699831962,0.13015855550765992,0.015859909867867828,0.016120227007195353
114,12,139,0.5353104919195175,0.13353521451354028,0.0162696763407439,0.01653674659319222
115,12,159,0.5348719462752343,0.14079010114073753,0.015553998108953238,0.01583557822741568
116,12,179,0.5362457647919655,0.1426915429532528,0.015418215468525887,0.01570359864272177
117,13,19,0.615253920853138,0.15319401137530803,0.017573802871629594,0.017880190908908845
118,13,39,0.5348280921578408,0.13303005285561084,0.015359102003276347,0.015625162282958627
119,13,59,0.5354822859168052,0.13592527583241462,0.01583900675177574,0.016110857436433434
120,13,79,0.5355526015162468,0.1390713334083557,0.015856113331392408,0.016134255891665818
121,13,99,0.5361217930912971,0.1392277181148529,0.015435954835265876,0.01571441041305661
122,13,119,0.5348885849118232,0.13424291536211969,0.016014944249764084,0.01628343011252582
123,13,139,0.5356418073177338,0.1378268852829933,0.016093754908069968,0.016369408881291746
124,13,159,0.5344639286398888,0.13900500982999803,0.01567205162718892,0.015950061613693833
125,13,179,0.5340560585260391,0.14193241372704507,0.015238680504262447,0.015522545436397195
126,14,19,0.6159642681479454,0.15422272123396397,0.01820628591813147,0.018514731572940944
127,14,39,0.5347283348441124,0.1412071853876114,0.015701997792348266,0.015984412236139178
128,14,59,0.534191757440567,0.1412756137549877,0.01526088104583323,0.015543432254344226
129,14,79,0.5342866346240044,0.1383806549012661,0.015471257362514734,0.01574801867827773
130,14,99,0.5342110052704812,0.13900490552186967,0.015706816548481585,0.015984826488420367
131,14,119,0.5348459675908088,0.14009630382061006,0.015320926159620284,0.015601118793711066
132,14,139,0.5342580080032349,0.13831633999943732,0.015458977362141014,0.015735610015690328
133,14,159,0.5348144859075546,0.13914790973067284,0.01521580466069281,0.015494100563228131
134,14,179,0.5347007110714912,0.13696010634303094,0.015959730418398977,0.01623365064151585
135,15,19,0.6145659610629082,0.1581697404384613,0.01790456920862198,0.018220908660441636
136,15,39,0.5345676898956299,0.1464656300842762,0.015018729213625192,0.015311660384759307
137,15,59,0.5343020588159562,0.13366953618824481,0.016188009874895215,0.016455349000170826
138,15,79,0.5344260662794114,0.14282856062054633,0.015556129766628147,0.015841786889359354
139,15,99,0.5344519555568695,0.1465049520134926,0.014529588492587208,0.014822598407045006
140,15,119,0.535196901857853,0.13871913254261017,0.015659692231565714,0.015937130711972714
141,15,139,0.5343894317746163,0.14055445790290833,0.01568405735306442,0.015965166222304105
142,15,159,0.5340515539050102,0.13679316118359566,0.016275287233293058,0.01654887362383306
143,15,179,0.534306526184082,0.13674096688628196,0.01543607348576188,0.015709555335342885
144,16,19,0.6148576408624649,0.16650992631912231,0.017081027617678046,0.017414047522470354
145,16,39,0.5344755172729492,0.14142922759056092,0.015369508741423487,0.015652367286384104
146,16,59,0.5345601439476013,0.13506853133440017,0.015897257532924414,0.016167394630610944
147,16,79,0.5340820550918579,0.1420782648026943,0.015103121660649777,0.015387278189882636
148,16,99,0.5340727418661118,0.13785975500941278,0.01568250167183578,0.015958221070468424
149,16,119,0.5347542628645897,0.13906296119093894,0.015381949953734875,0.015660075936466455
150,16,139,0.5344071477651596,0.1453854538500309,0.015811015060171484,0.016101786121726035
151,16,159,0.534575366973877,0.14022785276174546,0.015716319996863605,0.01599677577614784
152,16,179,0.5340582847595214,0.14236126244068145,0.015360314724966883,0.01564503707922995
153,17,19,0.6144023209810257,0.16922355368733405,0.01728864712640643,0.017627094499766828
154,17,39,0.533823436498642,0.1354180872440338,0.015552162518724799,0.015822998806834222
155,17,59,0.5347671940922737,0.1355688564479351,0.014941368345171213,0.015212505916133523
156,17,79,0.5340384230017662,0.1351372230798006,0.015513092698529362,0.01578336707316339
157,17,99,0.5343648314476013,0.13424449563026428,0.015837666299194097,0.01610615523532033
158,17,119,0.5342655077576637,0.13118524365127088,0.015443139988929034,0.01570551050826907
159,17,139,0.5342684209346771,0.1388945162296295,0.01535890158265829,0.015636690659448504
160,17,159,0.5356820821762085,0.12598770409822463,0.014784309221431613,0.015036284551024437
161,17,179,0.5338935017585754,0.12167955338954925,0.016080412687733768,0.01632377188652754
162,18,19,0.6141025558114052,0.14487128108739852,0.018529325909912586,0.018819068325683475
163,18,39,0.5339013054966927,0.12808515839278697,0.015532329492270947,0.015788499731570482
164,18,59,0.5343425080180169,0.13263831660151482,0.015549966786056756,0.015815243450924756
165,18,79,0.5346560940146446,0.13277605585753918,0.015461055655032396,0.015726607805117965
166,18,99,0.5338536083698273,0.1377699203789234,0.015303588658571243,0.015579128498211503
167,18,119,0.5339446678757668,0.14447547495365143,0.015145155554637312,0.015434106485918165
168,18,139,0.5342143461108207,0.13949526324868203,0.015219486178830266,0.015498476615175606
169,18,159,0.5342020586133003,0.13382260091602802,0.014670868683606387,0.014938513794913889
170,18,179,0.5341627329587937,0.13472787998616695,0.015902791172266006,0.016172247007489204
171,19,19,0.6141348242759704,0.15447700545191764,0.01792564825154841,0.01823460212908685
172,19,39,0.5338997825980186,0.13164502158761024,0.016624094638973474,0.016887384792789818
173,19,59,0.534584854543209,0.13498761355876923,0.015167438238859177,0.015437413332983851
174,19,79,0.5348442539572715,0.13555835410952569,0.015470714028924703,0.015741830691695213
175,19,99,0.5341960221529007,0.13387044407427312,0.015575387375429272,0.015843128226697444
176,19,119,0.5337808653712273,0.1423124261200428,0.01578714158385992,0.016071766382083297
177,19,139,0.5339614927768708,0.14202361926436424,0.015155296446755529,0.015439343685284258
178,19,159,0.534474040567875,0.13360646218061448,0.014928339002653956,0.015195551840588451
179,19,179,0.5340677484869957,0.14080296829342842,0.014776415470987559,0.015058021293953061
180,20,19,0.6141517609357834,0.1612770713865757,0.01668359851464629,0.017006152682006358
181,20,39,0.5341849252581596,0.1411042906343937,0.01471212636679411,0.014994334802031517
182,20,59,0.5339540645480156,0.14272525534033775,0.015037228586152196,0.015322679094970227
183,20,79,0.5342800781130791,0.1368639312684536,0.015462715132161974,0.01573644308373332
184,20,99,0.5341170132160187,0.14238945692777633,0.015354123711586,0.01563890278339386
185,20,119,0.5345619261264801,0.13244564458727837,0.015499220788478851,0.015764112072065472
186,20,139,0.534243355691433,0.13418281115591527,0.01564093129709363,0.015909296832978724
187,20,159,0.5337459102272988,0.13143797144293784,0.015815872931852937,0.01607874883338809
188,20,179,0.5336631953716278,0.13753213807940484,0.015619170758873225,0.015894235158339143
189,21,19,0.614108981192112,0.1574853777885437,0.017578585585579277,0.01789355631917715
190,21,39,0.5339467853307724,0.134757724031806,0.015423181233927608,0.015692696813493966
191,21,59,0.5337487801909446,0.14444078132510185,0.015472010849043727,0.01576089239679277
192,21,79,0.5346969768404961,0.137525824457407,0.015141900395974517,0.015416952082887292
193,21,99,0.5342379093170166,0.15000086799263954,0.015589544316753745,0.015889546182006598
194,21,119,0.5344882041215897,0.14440611824393274,0.014367402251809835,0.01465621441602707
195,21,139,0.5339704230427742,0.13350910246372222,0.016042143385857344,0.016309161484241486
196,21,159,0.5338737472891808,0.13864065408706666,0.015562781738117338,0.015840062964707614
197,21,179,0.5344721883535385,0.13678883537650108,0.01605899934656918,0.016332577168941497
198,22,19,0.6138349398970604,0.1639232464134693,0.017066246084868907,0.017394092539325355
199,22,39,0.5340263307094574,0.14388653934001921,0.014742370834574104,0.015030143922194839
200,22,59,0.534222437441349,0.13693932592868804,0.01576924682594836,0.016043125418946147
201,22,79,0.5335661321878433,0.13213510066270828,0.01630052151158452,0.016564791509881615
202,22,99,0.5354430407285691,0.12586294002830983,0.014762206841260195,0.015013932902365922
203,22,119,0.534406752884388,0.1253074448555708,0.015326583664864302,0.015577198565006256
204,22,139,0.5338074132800102,0.1215790756046772,0.015481651527807117,0.015724809700623156
205,22,159,0.533635550737381,0.13151472806930542,0.014704520581290126,0.014967550057917833
206,22,179,0.5335599958896637,0.12234989367425442,0.016007295157760382,0.01625199504196644
207,23,19,0.6135770455002785,0.14989753663539887,0.017291117226704955,0.0175909124314785
208,23,39,0.5341121837496757,0.13677363023161887,0.01469030654989183,0.014963853778317571
209,23,59,0.5337748050689697,0.1406659923493862,0.01524192509241402,0.015523256920278072
210,23,79,0.5342800661921501,0.13063963875174522,0.015610555885359645,0.015871835174039006
211,23,99,0.5335846394300461,0.13414320200681687,0.015107228327542544,0.015375514747574925
212,23,119,0.5337843060493469,0.12946435064077377,0.01571465809829533,0.01597358672879636
213,23,139,0.5340213373303413,0.12937598377466203,0.01534967408515513,0.015608426136896014
214,23,159,0.5337242767214775,0.13180150762200354,0.01525428043678403,0.01551788356155157
215,23,179,0.5336111828684806,0.12607754468917848,0.015730074094608425,0.01598222926259041
216,24,19,0.6135598108172416,0.15690812170505525,0.017186663579195738,0.017500479891896247
217,24,39,0.534255427122116,0.13396185897290708,0.014778080815449356,0.015046004531905055
218,24,59,0.5337151899933815,0.12484961971640587,0.016152478521689773,0.016402177745476365
219,24,79,0.5336579650640487,0.13550798892974852,0.01608482194133103,0.016355837928131223
220,24,99,0.5345442026853562,0.14180435985326767,0.015071093197911977,0.015354702016338706
221,24,119,0.5341138854622841,0.13558103665709495,0.01496875286102295,0.015239915112033486
222,24,139,0.5344022825360298,0.14133708253502847,0.014903575694188476,0.015186249883845449
223,24,159,0.5345605731010437,0.12214483842253684,0.015592569997534157,0.015836859541013836
224,24,179,0.5334776118397713,0.12733455374836922,0.015501221967861056,0.015755891101434827
225,25,19,0.6136498779058457,0.14709596745669842,0.01741151730529964,0.017705709394067525
226,25,39,0.5339602425694465,0.13595137000083923,0.014837336633354426,0.015109239518642426
227,25,59,0.5334152624011039,0.12606268152594566,0.01583578367717564,0.016087908996269107
228,25,79,0.5341937571763993,0.12848502062261105,0.015430865157395602,0.015687835216522217
229,25,99,0.5335999757051468,0.13413618877530098,0.015305234119296074,0.015573506522923709
230,25,119,0.5333413407206535,0.13812343776226044,0.015878263907507063,0.016154510760679842
231,25,139,0.5335295259952545,0.13219307437539102,0.015728528471663596,0.015992914605885745
232,25,159,0.5334954902529716,0.1306600920855999,0.015359141724184155,0.015620461944490672
233,25,179,0.5339904263615608,0.1314503401517868,0.015292743500322104,0.015555644314736128
234,26,19,0.6140382781624794,0.15037742741405963,0.017497895332053304,0.017798650171607734
235,26,39,0.5335668250918388,0.13073686510324478,0.015161128761246801,0.015422602510079741
236,26,59,0.5335731104016304,0.12716850228607654,0.015461335377767681,0.015715672448277474
237,26,79,0.5334756821393967,0.12839500643312932,0.01522344877012074,0.015480238711461425
238,26,99,0.5335588857531548,0.13687290027737617,0.0151749431155622,0.015448688995093107
239,26,119,0.5336146384477616,0.12950986064970493,0.01505726957693696,0.015316289523616433
240,26,139,0.533551174402237,0.13131210543215274,0.015146478172391653,0.015409102430567145
241,26,159,0.5334101691842079,0.13747597634792327,0.014913516119122505,0.015188468201085926
242,26,179,0.5339333325624466,0.13060498237609863,0.01607448058202863,0.016335690720006825
243,27,19,0.6140187293291092,0.15656535774469377,0.017264527129009367,0.017577657802030446
244,27,39,0.5334501385688781,0.14074665755033494,0.014695672877132892,0.014977166149765252
245,27,59,0.5336436942219734,0.14032292887568473,0.014830663288012146,0.015111309150233865
246,27,79,0.5338834702968598,0.13084506206214427,0.015555163053795696,0.01581685319542885
247,27,99,0.5337784841656685,0.12989477664232255,0.015410761395469309,0.015670550940558314
248,27,119,0.5336802065372467,0.14613471999764444,0.014941490115597844,0.015233759488910436
249,27,139,0.5333928793668747,0.1328701213002205,0.015440762555226684,0.015706502739340066
250,27,159,0.5338173016905785,0.13038184866309166,0.015654149651527404,0.01591491331346333
251,27,179,0.5340047121047974,0.13010131046175957,0.015313004655763508,0.015573207288980484
252,28,19,0.613589896261692,0.1545088291168213,0.01737347380258143,0.017682491475716232
253,28,39,0.5334982842206955,0.13847088329494,0.01520122429355979,0.015478166053071618
254,28,59,0.5334503829479218,0.1261337909847498,0.015418434515595436,0.015670702187344433
255,28,79,0.5335969164967537,0.13711074739694595,0.015283691696822643,0.015557913016527892
256,28,99,0.5335092842578888,0.13056135401129723,0.0156127386726439,0.015873861405998467
257,28,119,0.5337077170610428,0.13813301250338555,0.015499639697372914,0.015775905828922986
258,28,139,0.5335631564259529,0.13314030840992927,0.015651616733521223,0.015917897364124654
259,28,159,0.533680959045887,0.13368021473288536,0.01501584923826158,0.015283209644258023
260,28,179,0.5335571050643921,0.14216386750340462,0.014631459210067987,0.01491578696295619
261,29,19,0.6134553655982018,0.16605669930577277,0.0167016149032861,0.017033728258684277
262,29,39,0.5334610283374787,0.14074569791555405,0.014978057751432062,0.01525954930111766
263,29,59,0.5335695311427117,0.12892734594643115,0.015754403732717037,0.016012258408591152
264,29,79,0.5341147914528847,0.13159065693616867,0.015540964063256979,0.01580414534546435
265,29,99,0.5333933308720589,0.14594740718603133,0.014769697887822985,0.015061592869460582
266,29,119,0.5334216266870498,0.13551221266388894,0.015680593764409424,0.015951618226245044
267,29,139,0.5335695579648018,0.1407719224691391,0.015211114846169948,0.015492658829316497
268,29,159,0.5334730729460716,0.13408441804349422,0.01529128486290574,0.01555945361033082
269,29,179,0.5337503120303154,0.13400517255067826,0.01586319408379495,0.016131204646080734
270,30,19,0.6135507017374039,0.15245915055274964,0.017563468404114248,0.017868386581540108
271,30,39,0.5334986045956611,0.13759659007191657,0.0149656199850142,0.015240813232958316
272,30,59,0.5340099796652794,0.13156001940369605,0.015402288921177388,0.01566540910862386
273,30,79,0.533262088894844,0.12580097056925296,0.015291290311142802,0.015542892133817076
274,30,99,0.5335353568196297,0.13121194243431092,0.015261785080656409,0.015524209011346102
275,30,119,0.533340933918953,0.126892739161849,0.015889553306624293,0.016143338941037654
276,30,139,0.5334965795278549,0.1289941493421793,0.015632876334711908,0.01589086460880935
277,30,159,0.5335024043917656,0.13706318587064742,0.01528015872463584,0.015554285002872347
278,30,179,0.5334764331579208,0.13281531892716886,0.015431003738194704,0.0156966345384717
279,31,19,0.6134419843554497,0.1493618931621313,0.017720053205266595,0.01801877710968256
280,31,39,0.5336809247732163,0.13293391950428485,0.01510054673999548,0.015366414422169327
281,31,59,0.5334184855222702,0.13575828298926354,0.015418884763494133,0.01569040142931044
282,31,79,0.5333758190274238,0.1314365856349468,0.01551677375100553,0.015779646951705216
283,31,99,0.5342327311635018,0.12816382125020026,0.015194538608193397,0.015450866427272558
284,31,119,0.533416323363781,0.13019906282424926,0.014960703393444418,0.015221101604402066
285,31,139,0.5333970665931702,0.12732100896537304,0.015169796720147132,0.01542443884536624
286,31,159,0.5334746539592743,0.12853214852511882,0.015344777330756187,0.015601841500028968
287,31,179,0.5334625959396362,0.1380054846405983,0.014894026890397071,0.015170038025826216
288,32,19,0.6133959546685219,0.15473425313830375,0.017429601633921266,0.017739070113748312
289,32,39,0.5337750628590584,0.13303623646497725,0.015750699676573277,0.016016772063449026
290,32,59,0.5337219759821892,0.12228497415781021,0.015816473681479693,0.01606104359962046
291,32,79,0.5333589226007461,0.12783100679516793,0.01558932992629707,0.015844992035999893
292,32,99,0.5334595635533332,0.12732960134744645,0.015873442916199566,0.016128102084621787
293,32,119,0.5335141986608505,0.13465622253715992,0.015350603312253953,0.015619915770366788
294,32,139,0.5332527413964272,0.1395869806408882,0.01431481153704226,0.014593985583633184
295,32,159,0.5331893101334572,0.14147126004099847,0.014815135532990098,0.015098078083246947
296,32,179,0.5336082592606545,0.13379794508218765,0.015039165550842882,0.015306761395186186
297,33,19,0.6135626688599587,0.14719141721725465,0.018377766804769637,0.018672149581834673
298,33,39,0.5335411071777344,0.13432001695036888,0.014963936340063811,0.015232576383277774
299,33,59,0.5332136943936348,0.13419082909822463,0.015194171154871584,0.015462552942335606
300,33,79,0.5333703652024269,0.13634482994675637,0.015137290488928557,0.015409980108961463
301,33,99,0.5333838522434234,0.1329560250043869,0.015110198454931379,0.015376110468059779
302,33,119,0.5334835663437844,0.13249350488185882,0.014754779636859894,0.015019766660407186
303,33,139,0.5335189461708069,0.1285676084458828,0.01562679768539965,0.015883932868018747
304,33,159,0.5333835855126381,0.13187012448906898,0.015335972514003515,0.01559971277602017
305,33,179,0.533402507007122,0.13676617816090583,0.01498707733117044,0.015260609611868859
306,34,19,0.6132939293980598,0.15216910727322103,0.017335354583337903,0.01763969277963042
307,34,39,0.5333758562803268,0.133100875467062,0.015066317562013865,0.015332519356161357
308,34,59,0.5341768831014633,0.13999307826161383,0.015326263988390565,0.015606250008568167
309,34,79,0.533379790186882,0.15111797749996186,0.01554894195869565,0.01585117788054049
310,34,99,0.5335086151957512,0.138495210185647,0.0153388652484864,0.015615855623036624
311,34,119,0.533428131043911,0.1389056768268347,0.015300803212448954,0.015578614547848701
312,34,139,0.5336966961622238,0.13369382731616497,0.015490822307765485,0.015758209908381105
313,34,159,0.5332482203841209,0.13681706190109252,0.014826028747484088,0.015099662868306041
314,34,179,0.5335485160350799,0.13448418118059635,0.015321110282093287,0.015590078756213188
315,35,19,0.6132666587829589,0.15515649169683457,0.017380466777831317,0.017690779687836767
316,35,39,0.5333057165145874,0.13723984807729722,0.014938464807346463,0.01521294447593391
317,35,59,0.5333280339837074,0.14217178300023078,0.014384369365870953,0.01466871304437518
318,35,79,0.5333107292652131,0.12965833880007266,0.015449143294245005,0.015708459867164494
319,35,99,0.5335251063108444,0.12747038379311562,0.01523141604848206,0.015486356895416975
320,35,119,0.5334666863083839,0.1290128730237484,0.015505745727568864,0.015763771394267677
321,35,139,0.5333931937813758,0.12621807679533958,0.01602208772674203,0.0162745239213109
322,35,159,0.5337930575013161,0.12633877359330653,0.014836518839001656,0.01508919638581574
323,35,179,0.5334300234913826,0.12632780559360982,0.015166651364415884,0.01541930716484785
324,36,19,0.6133981049060822,0.14438779316842557,0.01769443671219051,0.017983212228864433
325,36,39,0.5333295360207557,0.12857320308685302,0.015342582250013947,0.015599728655070066
326,36,59,0.5333280861377716,0.136478228867054,0.015239711292088032,0.015512667689472437
327,36,79,0.5337029963731765,0.13306147307157518,0.01471630809828639,0.014982431149110197
328,36,99,0.5333460852503776,0.12592843286693095,0.015710530802607536,0.015962387481704355
329,36,119,0.5333194598555565,0.12572958432137965,0.01529727499000728,0.015548734087496996
330,36,139,0.5332928031682969,0.1341115329414606,0.01519562853500247,0.015463851578533649
331,36,159,0.5335081085562706,0.12306789644062519,0.016033516684547066,0.016279652481898665
332,36,179,0.5333797007799148,0.13776371702551843,0.014542976161465049,0.014818503614515066
333,37,19,0.6133083626627922,0.15382519438862802,0.017604212230071425,0.017911862721666692
334,37,39,0.5334685042500495,0.12991680800914765,0.01573217590339482,0.015992009732872247
335,37,59,0.533376456797123,0.1251388482749462,0.015411211224272848,0.01566148898564279
336,37,79,0.5333750456571579,0.13202887885272502,0.014732371177524328,0.014996429113671184
337,37,99,0.5332634210586548,0.1273225974291563,0.01565957525745034,0.015914220456033946
338,37,119,0.5333382800221443,0.13050120323896408,0.015038187056779862,0.015299189602956176
339,37,139,0.5332259550690651,0.12919284030795097,0.015017384104430676,0.015275769727304577
340,37,159,0.5332618147134781,0.13280879519879818,0.014951141737401485,0.015216759359464049
341,37,179,0.5332515582442283,0.1287089541554451,0.015271284710615873,0.015528702549636364
342,38,19,0.6133518904447556,0.15039257369935513,0.017382182041183115,0.01768296705558896
343,38,39,0.5334538608789444,0.12945037633180617,0.015048342291265726,0.01530724293552339
344,38,59,0.5332971245050431,0.12825134880840777,0.015130100259557366,0.01538660293444991
345,38,79,0.5333451122045517,0.11963972523808479,0.015950624691322447,0.016189904045313598
346,38,99,0.5333046689629555,0.12857003062963485,0.014756334060803056,0.015013474179431796
347,38,119,0.5333891093730927,0.1303802441805601,0.01541538112796843,0.01567614176310599
348,38,139,0.5332835853099823,0.133298796787858,0.015184391289949417,0.01545098894275725
349,38,159,0.5332175642251968,0.1216958500444889,0.016216859873384237,0.01646025152876973
350,38,179,0.5333180904388428,0.1339876063168049,0.015025091916322708,0.01529306718148291
351,39,19,0.6132445514202118,0.1634512148797512,0.017091560177505016,0.017418462643399836
352,39,39,0.5333104595541954,0.1259374614804983,0.01576480488292873,0.01601667976938188
353,39,59,0.5332433298230171,0.13141697645187378,0.015150488493964076,0.015413322206586599
354,39,79,0.5331611037254333,0.13539388924837112,0.015011553512886166,0.015282341232523321
355,39,99,0.533297261595726,0.12979247123003007,0.015433321753516794,0.015692906733602286
356,39,119,0.5334928020834923,0.13319492265582084,0.015120598813518881,0.015386988641694188
357,39,139,0.534894497692585,0.10975112430751324,0.015664270846173167,0.0158837731461972
358,39,159,0.5334358423948288,0.11174452640116214,0.014519951958209276,0.014743440970778465
359,39,179,0.5333501279354096,0.11449771150946617,0.015359954861924052,0.015588950412347913
360,40,19,0.6133995532989502,0.13394923470914363,0.017880718922242522,0.018148617586120963
361,40,39,0.5333828508853913,0.11960427574813366,0.014867980545386673,0.01510718916542828
362,40,59,0.5332563951611519,0.11657004728913307,0.015440714918076992,0.015673855086788535
363,40,79,0.5332649379968644,0.117341623082757,0.015171052515506744,0.015405735839158297
364,40,99,0.5333051964640617,0.1210165973752737,0.01511529772542417,0.015357331000268459
365,40,119,0.533308744430542,0.11799724772572517,0.015686370991170408,0.01592236557044089
366,40,139,0.5332741811871529,0.11922363936901093,0.015550647675991059,0.01578909489326179
367,40,159,0.5333019599318505,0.12041179463267326,0.014849961269646883,0.015090785082429647
368,40,179,0.5334014683961869,0.12221610136330127,0.015103239845484496,0.015347672160714865
369,41,19,0.61326564848423,0.1434532593935728,0.01678524329327047,0.017072149831801654
370,41,39,0.5331970512866974,0.12176615111529827,0.015337896114215255,0.015581428399309516
371,41,59,0.5333797782659531,0.12482239380478859,0.015040967473760247,0.015290612261742354
372,41,79,0.5335259467363358,0.11975182704627514,0.015875562885776164,0.016115066362544894
373,41,99,0.5332964152097702,0.12877178862690924,0.015052766259759664,0.015310309780761599
374,41,119,0.5331937998533249,0.12868081852793695,0.015102022839710117,0.015359384519979358
375,41,139,0.5333202183246613,0.13797898665070535,0.01490683676674962,0.015182794816792012
376,41,159,0.5333833947777749,0.12675873637199403,0.015310185961425304,0.015563703374937177
377,41,179,0.5332368165254593,0.1257244773209095,0.015307465242221952,0.01555891432799399
378,42,19,0.613197511434555,0.1511296398937702,0.017373474780470133,0.017675734078511595
379,42,39,0.5332058802247047,0.12104665860533714,0.015514986542984843,0.015757079934701324
380,42,59,0.5332310929894447,0.12972382456064224,0.015179594093933702,0.015439041797071696
381,42,79,0.5333202689886093,0.12808081656694412,0.014767682552337647,0.015023844176903367
382,42,99,0.5331987321376801,0.13264693133533,0.014938028063625097,0.015203321957960725
383,42,119,0.5333630681037903,0.13062819018959998,0.014996973844245077,0.015258230082690716
384,42,139,0.5334330677986145,0.12558929920196532,0.015658483514562248,0.015909662144258617
385,42,159,0.5333618611097336,0.12975996173918247,0.01497188750654459,0.015231407340615987
386,42,179,0.5331732273101807,0.12176852226257324,0.015601642616093158,0.015845179697498678
387,43,19,0.6132611140608788,0.15344023704528809,0.01713737202808261,0.017444252595305444
388,43,39,0.5331355690956116,0.12548849135637283,0.01565822451375425,0.01590920160524547
389,43,59,0.5332867205142975,0.12875881642103196,0.01542024789378047,0.015677765430882572
390,43,79,0.5333545669913292,0.13328358568251134,0.014563542744144797,0.014830110035836697
391,43,99,0.5332720041275024,0.12653005085885524,0.015222839079797268,0.015475899167358875
392,43,119,0.5333373636007309,0.13422807082533836,0.014736119750887155,0.01500457595102489
393,43,139,0.5332483023405075,0.12714472003281116,0.015149417473003269,0.01540370685979724
394,43,159,0.5332242369651794,0.124509571865201,0.01560260816477239,0.01585162742994726
395,43,179,0.5332087337970733,0.12786638587713242,0.015519416611641645,0.015775149408727884
396,44,19,0.6131232783198357,0.14650902710855007,0.01823031404055655,0.01852333205752075
397,44,39,0.5333221212029458,0.13212770000100135,0.015110853500664235,0.01537510883063078
398,44,59,0.5331641942262649,0.1314835011959076,0.015291363280266524,0.015554330218583346
399,44,79,0.5331974446773529,0.13031731061637403,0.015742197772487997,0.01600283235311508
400,44,99,0.5332242667675018,0.12434835210442544,0.016179438214749098,0.016428134869784117
401,44,119,0.5334338650107384,0.13098955601453782,0.015073109092190862,0.015335088316351175
402,44,139,0.5332350760698319,0.13232019767165185,0.014475614670664072,0.014740254962816834
403,44,159,0.5332587644457817,0.12349958717823029,0.014969071140512824,0.015216070227324963
404,44,179,0.5332244351506233,0.12642608843743802,0.014787943474948407,0.01504079564474523
405,45,19,0.6133036315441132,0.1486820187419653,0.01672133174724877,0.017018695827573538
406,45,39,0.5333835810422898,0.1237537045031786,0.01594540630467236,0.016192913753911853
407,45,59,0.5332451596856117,0.124772297590971,0.015273019578307867,0.015522564109414817
408,45,79,0.5332831516861916,0.12820827178657054,0.015224903682246804,0.015481320209801197
409,45,99,0.5336287528276443,0.12393231131136417,0.015005699498578906,0.015253564156591893
410,45,119,0.5334603056311608,0.12539925128221513,0.015585343306884169,0.015836141677573322
411,45,139,0.5331529974937439,0.12683271132409574,0.015285331383347511,0.01553899673745036
412,45,159,0.5331955447793006,0.12409802339971066,0.015455822320654988,0.01570401815697551
413,45,179,0.5332039132714271,0.1288796618580818,0.015403530467301607,0.015661289915442467
414,46,19,0.6132819294929505,0.14453585781157016,0.017397742811590435,0.01768681458197534
415,46,39,0.5331935584545135,0.12608605362474917,0.015272549213841557,0.01552472119219601
416,46,59,0.5331092476844788,0.1275431890040636,0.014864484826102854,0.01511957123875618
417,46,79,0.5334504261612892,0.13078296333551406,0.014660085504874586,0.014921651547774672
418,46,99,0.5331765651702881,0.12556086480617523,0.016245511965826152,0.016496633691713215
419,46,119,0.5331538930535317,0.128320499882102,0.01531628672964871,0.015572927705943585
420,46,139,0.5332040905952453,0.13091385141015052,0.015565929096192121,0.015827756747603415
421,46,159,0.5333921790122986,0.13239223435521125,0.014598301565274596,0.014863086165860295
422,46,179,0.5333108276128768,0.13431443199515342,0.01465726071037352,0.014925889624282717
423,47,19,0.6131481841206551,0.14476958364248277,0.017292733397334815,0.01758227269165218
424,47,39,0.5331582948565483,0.12464013583958149,0.0153235602658242,0.0155728405341506
425,47,59,0.5332001507282257,0.12728271521627904,0.015593989426270128,0.015848554903641343
426,47,79,0.5331944152712822,0.12405638881027699,0.015626162709668278,0.015874275425449013
427,47,99,0.5332938358187675,0.1301783300936222,0.01480772066861391,0.015068077389150858
428,47,119,0.5331617221236229,0.13153614699840546,0.015147903095930814,0.015410975459963084
429,47,139,0.5331601649522781,0.12467112243175507,0.015866096783429384,0.016115439170971513
430,47,159,0.5331431746482849,0.127004611864686,0.015473131882026791,0.015727141033858062
431,47,179,0.5332901656627655,0.13489837534725665,0.01468702256679535,0.014956819405779243
432,48,19,0.6131624639034271,0.15075675621628762,0.01759509537369013,0.017896608728915454
433,48,39,0.533080232143402,0.1277576435357332,0.01562288822606206,0.01587840341962874
434,48,59,0.5331759572029113,0.12652009092271327,0.015308401919901371,0.015561442263424397
435,48,79,0.5332466438412666,0.1272919438779354,0.01514332345686853,0.015397907374426723
436,48,99,0.5331948593258857,0.13075284399092196,0.015012072073295713,0.015273577766492963
437,48,119,0.5333351776003837,0.13823089711368083,0.014123922865837812,0.01440038476139307
438,48,139,0.5331309348344803,0.12923335917294027,0.014927540579810739,0.015186007274314762
439,48,159,0.5331814140081406,0.12878972850739956,0.015288107702508569,0.015545687079429627
440,48,179,0.5331385672092438,0.12287417612969875,0.015835550101473927,0.016081298235803843
441,49,19,0.6131543979048729,0.1419640451669693,0.01810289206914604,0.0183868202380836
442,49,39,0.533126811683178,0.12698536552488804,0.015361010888591408,0.015614981716498732
443,49,59,0.5331479698419571,0.12435638830065728,0.015353324823081493,0.015602037450298667
444,49,79,0.5331419810652733,0.12575025036931037,0.015673384303227067,0.015924884751439095
445,49,99,0.5332084655761719,0.1327816866338253,0.014950549183413386,0.015216112602502108
446,49,119,0.5331350952386856,0.12957808412611485,0.015286745829507708,0.015545902168378234
447,49,139,0.5331254050135612,0.1373838111758232,0.014405565708875656,0.014680333388969301
448,49,159,0.5334253489971161,0.1308637659996748,0.0144257131498307,0.014687440730631352
449,49,179,0.533287763595581,0.12816966511309147,0.01587301571853459,0.016129354992881418
450,50,19,0.6131301775574685,0.14860833585262298,0.01774090123362839,0.018038118025287986
451,50,39,0.5331526428461075,0.12567701935768127,0.015136465802788735,0.015387819893658162
452,50,59,0.5331702992320061,0.12462403103709221,0.015929539687931538,0.016178787872195243
453,50,79,0.5331559598445892,0.12927967235445975,0.015178011218085884,0.015436570579186081
454,50,99,0.5331294536590576,0.1310800351202488,0.014956258470192552,0.015218418464064598
455,50,119,0.5331633299589157,0.1275299869477749,0.015190000087022782,0.015445060050114989
456,50,139,0.5331771522760391,0.1260794572532177,0.015231828857213258,0.01548398770391941
457,50,159,0.5331210508942604,0.1306374054402113,0.014926550025120378,0.015187824936583638
458,50,179,0.533076086640358,0.12818674482405185,0.015307869529351592,0.015564243029803037
459,51,19,0.6132537797093391,0.1551043711602688,0.016849524434655906,0.017159733222797513
460,51,39,0.5331120818853379,0.13639429807662964,0.014953849045559764,0.01522663771174848
461,51,59,0.5332505598664283,0.1319279082119465,0.014987834496423602,0.015251690382137894
462,51,79,0.5331930801272392,0.1249208215624094,0.015741843404248355,0.015991685073822738
463,51,99,0.5331958904862404,0.1218904010951519,0.01580367092974484,0.016047451971098782
464,51,119,0.5332122594118118,0.12486332841217518,0.0149870534427464,0.015236780000850558
465,51,139,0.5331243827939034,0.13365115001797676,0.015300384350121021,0.015567686688154937
466,51,159,0.5332520365715027,0.13417728394269943,0.014511923724785446,0.014780278271064162
467,51,179,0.5332815960049629,0.12875596694648267,0.015531463129445911,0.015788975078612565
468,52,19,0.6132882028818131,0.14742047116160392,0.017643500491976737,0.017938341572880746
469,52,39,0.5332539036870003,0.12867747768759727,0.015093932393938303,0.015351287368685008
470,52,59,0.5332377165555954,0.11865761540830136,0.016111052501946686,0.016348367929458617
471,52,79,0.5331497237086296,0.11954949274659157,0.016024950426071882,0.01626404942944646
472,52,99,0.5331765517592431,0.12516797482967376,0.01540216594003141,0.01565250176936388
473,52,119,0.5331482455134392,0.13054374009370803,0.014725124416872858,0.014986211992800235
474,52,139,0.5331489875912666,0.13074392825365067,0.014766217535361647,0.01502770553342998
475,52,159,0.5331620573997498,0.13078235797584056,0.014377120742574334,0.014638685435056687
476,52,179,0.5332757830619812,0.12332401201128959,0.015195052698254585,0.01544170086272061
477,53,19,0.6132390007376671,0.1442652314901352,0.017516182828694583,0.01780471350066364
478,53,39,0.533170947432518,0.12300689332187176,0.015129230404272675,0.015375243918970227
479,53,59,0.5331639692187309,0.12505941987037658,0.015222490346059204,0.015472609363496304
480,53,79,0.5331154152750969,0.1286881111562252,0.01466632285155356,0.01492369920015335
481,53,99,0.5331635162234306,0.12917907796800138,0.015365408780053259,0.01562376688234508
482,53,119,0.5331727638840675,0.12708983793854714,0.015197822870686651,0.015452002687379719
483,53,139,0.5331084683537484,0.12393624298274517,0.015057128341868519,0.015305000822991133
484,53,159,0.533216904103756,0.12153732031583786,0.015825208416208623,0.01606828309595585
485,53,179,0.5331089735031128,0.12492926083505154,0.01552086127921939,0.01577071980573237
486,54,19,0.6131225660443306,0.15255287922918798,0.01674554725177586,0.01705065304413438
487,54,39,0.5331684857606888,0.13073966428637504,0.014631476579234004,0.01489295605570078
488,54,59,0.5330852285027504,0.12647430263459683,0.015179794281721115,0.015432742983102798
489,54,79,0.533157405257225,0.12480252683162689,0.015915681468322875,0.0161652865819633
490,54,99,0.5331425487995147,0.12971242442727088,0.015185339143499732,0.01544476398266852
491,54,119,0.5331932842731476,0.1262064754962921,0.015169287053868174,0.015421699918806552
492,54,139,0.5331421181559562,0.12845505103468896,0.015056823473423719,0.015313733462244272
493,54,159,0.5331236362457276,0.12322808988392353,0.01605464369058609,0.016301099862903356
494,54,179,0.5331132605671882,0.12794833183288573,0.015210827253758908,0.015466723963618279
495,55,19,0.6131071224808693,0.14539043009281158,0.017346576415002347,0.017637357208877803
496,55,39,0.5331108421087265,0.13011339046061038,0.015250570885837079,0.015510797780007125
497,55,59,0.5331363305449486,0.12736550085246562,0.015041886921972036,0.015296617895364762
498,55,79,0.533129571378231,0.1224787950515747,0.01606756360270083,0.016312521323561667
499,55,99,0.5331646770238876,0.13348717615008354,0.014853188395500183,0.015120162768289447
500,55,119,0.5330807507038117,0.12991650365293025,0.015318879252299666,0.015578712383285166
501,55,139,0.5331843063235283,0.12482034713029862,0.015745355933904647,0.01599499648436904
502,55,159,0.533171696960926,0.12604054994881153,0.014785927115008235,0.015038008335977793
503,55,179,0.5331313297152519,0.1373068980872631,0.014918782096356154,0.01519339601509273
504,56,19,0.6130077600479126,0.15020688101649285,0.017283014953136444,0.017583428788930176
505,56,39,0.5331544786691665,0.12760973982512952,0.015526176383718848,0.015781395928934218
506,56,59,0.5331917107105255,0.13516340963542461,0.014569479785859586,0.014839806547388434
507,56,79,0.5332128375768661,0.12501926384866238,0.015454726805910469,0.01570476535707712
508,56,99,0.533130943775177,0.1298608250916004,0.014690485643222928,0.014950207248330117
509,56,119,0.5331923261284828,0.12833337858319283,0.014925685757771135,0.01518235243856907
510,56,139,0.5331020131707191,0.1257558360695839,0.015749123925343157,0.016000635689124465
511,56,159,0.5331834435462952,0.12266919873654843,0.015616430062800645,0.01586176841519773
512,56,179,0.5331018775701523,0.12321603149175644,0.015528226736932993,0.01577465902082622
513,57,19,0.6130364149808883,0.14330968149006368,0.017554314713925122,0.01784093426540494
514,57,39,0.5332721307873726,0.12483101226389408,0.015085168043151497,0.015334830200299621
515,57,59,0.5330982223153115,0.13134864754974843,0.014674864197149872,0.014937561610713601
516,57,79,0.5331933945417404,0.1284507367759943,0.015248499717563391,0.015505401277914643
517,57,99,0.5332011610269547,0.12460058256983757,0.015301775000989438,0.015550976293161512
518,57,119,0.5330646201968193,0.1353520654141903,0.014508852642029524,0.014779556822031737
519,57,139,0.5331401437520981,0.12416785731911659,0.015585989272221924,0.015834325179457664
520,57,159,0.5331948041915894,0.12351422384381294,0.01554325632750988,0.015790284750983118
521,57,179,0.5330913975834847,0.12705528698861598,0.015505125559866429,0.015759236365556716
522,58,19,0.6131379261612893,0.14890313819050788,0.016863318951800467,0.01716112541034818
523,58,39,0.5331439048051834,0.12409153878688813,0.015052390564233065,0.015300573594868184
524,58,59,0.533052945137024,0.12385335043072701,0.015449114376679063,0.01569682117551565
525,58,79,0.5331393539905548,0.1252951927483082,0.015574236121028661,0.01582482666708529
526,58,99,0.5330950200557709,0.12117741964757442,0.015443970449268818,0.015686325309798122
527,58,119,0.5331729620695114,0.13281866014003754,0.014687207015231251,0.014952844521030784
528,58,139,0.5330874860286713,0.12762712314724922,0.014936308888718487,0.01519156307913363
529,58,159,0.5331529155373573,0.11973511204123496,0.0161260143853724,0.016365484846755863
530,58,179,0.5332199141383172,0.126439805701375,0.015357661340385676,0.015610540937632322
531,59,19,0.6130695432424546,0.1562080793082714,0.01599732581526041,0.01630974216386676
532,59,39,0.5330841153860092,0.12716661766171455,0.01468957681208849,0.014943910110741854
533,59,59,0.5331553190946579,0.12398262582719326,0.015268031693994998,0.0155159970279783
534,59,79,0.5331574857234955,0.13124389722943305,0.014734655153006315,0.014997142925858497
535,59,99,0.5330522209405899,0.12058413699269295,0.015721643203869463,0.01596281141974032
536,59,119,0.5333545595407486,0.11756109744310379,0.01649180087260902,0.01672692303545773
537,59,139,0.5331990763545036,0.13265535943210124,0.015133965108543635,0.015399275813251734
538,59,159,0.5331005930900574,0.13187250085175037,0.015242254827171564,0.015505999606102706
539,59,179,0.5330913707613945,0.12725086100399494,0.01541910758242011,0.015673609310761095
540,60,19,0.6131831973791122,0.15220956765115262,0.017014238378033043,0.017318657506257294
541,60,39,0.5331257969141007,0.12952352203428746,0.014977805176749825,0.01523685227148235
542,60,59,0.5331513613462449,0.12474487870931625,0.015461297892034053,0.015710787707939745
543,60,79,0.5331268221139908,0.12053720019757748,0.016147056547924876,0.016388131072744727
544,60,99,0.5331367492675781,0.1271451823413372,0.014837022311985493,0.015091312723234296
545,60,119,0.5331405848264694,0.1283672545105219,0.015321298176422716,0.015578032797202468
546,60,139,0.5331269025802612,0.1347968779504299,0.014052105695009231,0.014321699505671859
547,60,159,0.5331084609031678,0.1252021577209234,0.015789205534383656,0.016039609722793103
548,60,179,0.5330492615699768,0.12650345265865326,0.015394039312377572,0.015647046407684682
549,61,19,0.6130710914731026,0.14636643491685392,0.01760649150237441,0.017899224534630775
550,61,39,0.5330743834376335,0.12504458241164684,0.015320294629782438,0.01557038389146328
551,61,59,0.5331069499254226,0.12714350484311582,0.01502460758201778,0.015278894687071443
552,61,79,0.5331325635313988,0.1299680292606354,0.01476712073199451,0.015027056820690632
553,61,99,0.5331289127469063,0.13038012459874154,0.014489758992567658,0.014750519208610058
554,61,119,0.533129307627678,0.12978306598961353,0.015470851724967361,0.015730417938902973
555,61,139,0.5331842035055161,0.12212972231209278,0.015334066236391664,0.015578325651586056
556,61,159,0.5331123799085618,0.12433602660894394,0.015563846565783024,0.015812518540769815
557,61,179,0.5332273751497268,0.12460298091173172,0.015114356018602847,0.015363561920821667
558,62,19,0.6130617409944534,0.14926817007362841,0.017242026515305042,0.017540563037618993
559,62,39,0.5330826997756958,0.13316680081188678,0.014557728776708245,0.014824062259867788
560,62,59,0.5331473752856255,0.13100507780909537,0.014910950092598796,0.015172960236668587
561,62,79,0.5330456256866455,0.12529047019779682,0.015715734101831913,0.015966315101832152
562,62,99,0.5332043707370758,0.12611656896770002,0.014526759926229715,0.014778993139043451
563,62,119,0.533051635324955,0.1297468937933445,0.015341971954330801,0.01560146575793624
564,62,139,0.5330826610326767,0.12877846024930478,0.01526842126622796,0.015525978058576584
565,62,159,0.5330437704920769,0.11990499012172222,0.016435360442847012,0.016675170231610536
566,62,179,0.5331168070435524,0.12526666782796383,0.0151435153093189,0.015394048765301704
567,63,19,0.613241308927536,0.14948947802186013,0.016909924102947116,0.017208903096616268
568,63,39,0.5330552875995636,0.12285663671791554,0.01524344035424292,0.015489153657108545
569,63,59,0.5331227257847786,0.12376862801611424,0.015296221151947976,0.015543758403509855
570,63,79,0.5330915063619613,0.1222212553024292,0.01500994605012238,0.015254388516768812
571,63,99,0.5332166358828545,0.12333358973264694,0.014900941727682948,0.01514760903082788
572,63,119,0.5330621793866157,0.1199596207588911,0.01610097591765225,0.01634089518338442
573,63,139,0.5330985292792321,0.12383981868624687,0.01500113639049232,0.0152488159481436
574,63,159,0.5331167533993721,0.12243385910987854,0.015128633892163634,0.015373501600697637
575,63,179,0.5330337837338448,0.12733796685934068,0.015220506116747856,0.01547518214210868
576,64,19,0.6130423679947853,0.1437254451215267,0.01731004021130502,0.017597491247579457
577,64,39,0.5330563649535179,0.1277700174599886,0.01582012283615768,0.016075662896037103
578,64,59,0.5331182911992073,0.12299111969769001,0.015679199248552322,0.015925181470811366
579,64,79,0.5330782100558281,0.12463383190333843,0.01521062208339572,0.015459889871999621
580,64,99,0.533141839504242,0.12971741259098052,0.014870034763589501,0.01512946947477758
581,64,119,0.5330871060490608,0.13268196135759353,0.014318657759577035,0.014584021642804146
582,64,139,0.5330836579203606,0.12846877239644527,0.014636793220415712,0.01489373086951673
583,64,159,0.5331035181879997,0.12240626700222493,0.015388472750782967,0.015633285231888294
584,64,179,0.5330299109220504,0.1208056639879942,0.016120171966031195,0.016361783305183054
585,65,19,0.6130489826202392,0.14958956465125084,0.017783148773014547,0.01808232800103724
586,65,39,0.5331225588917732,0.12224593013525009,0.01592285162769258,0.01616734340786934
587,65,59,0.533010546863079,0.12108723744750023,0.01588029433041811,0.016122469026595355
588,65,79,0.5330891102552414,0.13009757474064826,0.014767041197046638,0.015027236519381404
589,65,99,0.5330779105424881,0.12968098297715186,0.015308353118598461,0.015567715093493462
590,65,119,0.5331518411636352,0.13102722838521003,0.014649579487740993,0.014911634009331464
591,65,139,0.5331191062927246,0.121806775406003,0.01593732796609402,0.016180941509082912
592,65,159,0.5331002295017242,0.12699456922709942,0.014635736867785454,0.014889726089313627
593,65,179,0.5331833496689796,0.13399751149117947,0.014542682189494371,0.014810677198693157
594,66,19,0.6130958259105682,0.144169557467103,0.017365843523293734,0.017654182761907576
595,66,39,0.5330511391162872,0.12700520567595958,0.015142330946400762,0.015396341308951378
596,66,59,0.5331453427672386,0.12213099487125874,0.016048685973510148,0.016292947856709362
597,66,79,0.5330380901694298,0.12750586606562136,0.014819834707304835,0.015074846521019935
598,66,99,0.5331012740731239,0.12465638369321823,0.014980637282133103,0.01522995000705123
599,66,119,0.5330800473690033,0.12666227221488952,0.015307030454277993,0.015560354944318533
600,66,139,0.5332059726119042,0.1298859305679798,0.014866385841742158,0.015126157738268375
601,66,159,0.5332681640982628,0.12683017253875734,0.015368356788530945,0.01562201725319028
602,66,179,0.5330779835581779,0.12361466363072396,0.015506406500935554,0.01575363576412201
603,67,19,0.6131266340613365,0.14315914995968343,0.017062344634905458,0.017348662856966256
604,67,39,0.5331806525588035,0.12683805227279663,0.015059286216273903,0.01531296237371862
605,67,59,0.5330729573965073,0.12202989012002945,0.015387314092367887,0.01563137397170067
606,67,79,0.5331170007586479,0.12875604033470153,0.01501569151878357,0.015273203514516354
607,67,99,0.5330848217010498,0.12844488359987735,0.015491974866017699,0.01574886478483677
608,67,119,0.533144623041153,0.12742180563509464,0.015100493095815182,0.015355336666107177
609,67,139,0.5331030130386353,0.12240544892847538,0.014869127795100212,0.015113938692957163
610,67,159,0.5331612184643746,0.12393873929977417,0.015652584424242378,0.015900462027639152
611,67,179,0.5330932393670083,0.12412364482879638,0.015115033276379109,0.01536328038200736
612,68,19,0.6131629705429077,0.14093075767159463,0.017535140691325068,0.01781700220890343
613,68,39,0.5330294892191887,0.1300252452492714,0.015083956345915795,0.015344006847590208
614,68,59,0.5331481546163559,0.12457101494073868,0.015392261603847147,0.015641403617337346
615,68,79,0.5331306129693985,0.12293107025325298,0.015486687840893864,0.01573255015537143
616,68,99,0.5330638036131858,0.13320213444530965,0.015045302035287023,0.015311706392094494
617,68,119,0.5330965563654899,0.12611775398254393,0.014937293902039527,0.015189529350027441
618,68,139,0.5330227568745614,0.12371679730713367,0.01526485038921237,0.015512284031137824
619,68,159,0.5330349504947662,0.1248212743550539,0.014767299173399806,0.015016941726207734
620,68,179,0.5330387085676194,0.1339565634727478,0.014976595109328628,0.015244508255273103
621,69,19,0.6130972519516945,0.1413125518709421,0.017783663887530565,0.018066289136186242
622,69,39,0.5331066995859146,0.12871344685554503,0.015343069145455957,0.015600496251136065
623,69,59,0.5330855250358582,0.1262908648699522,0.015074690477922559,0.015327272145077587
624,69,79,0.5330995693802834,0.1286121353507042,0.015225374139845371,0.015482598403468727
625,69,99,0.533100314438343,0.13311299346387387,0.014818958891555666,0.01508518480695784
626,69,119,0.5330190941691398,0.13063624761998655,0.015044259978458286,0.015305532608181238
627,69,139,0.5331360399723053,0.12288305908441544,0.01511862906627357,0.015364395314827561
628,69,159,0.533076137304306,0.12457912378013133,0.015511800860986113,0.015760959032922982
629,69,179,0.5330013453960418,0.13038787320256234,0.014869202533736825,0.015129978163167834
630,70,19,0.6129833295941353,0.14477435164153576,0.01772844810038805,0.01801799680106342
631,70,39,0.5330577433109284,0.12903339937329292,0.015332675259560346,0.0155907419975847
632,70,59,0.5330897852778435,0.1273149974644184,0.015262864623218774,0.015517494548112154
633,70,79,0.5330436155200005,0.12552692592144013,0.015349571034312249,0.015600624959915876
634,70,99,0.5330421954393387,0.1276816561818123,0.014956471510231495,0.015211834851652384
635,70,119,0.5330421730875969,0.12771685011684894,0.016077968757599592,0.016333402413874865
636,70,139,0.5330155119299889,0.1338457852602005,0.014838103810325265,0.015105795534327626
637,70,159,0.5330116912722588,0.13022994473576546,0.014790029916912317,0.015050489781424403
638,70,179,0.5330953940749168,0.1295292917639017,0.014601753279566764,0.014860811922699214
639,71,19,0.6131298094987869,0.141404639929533,0.017578800953924657,0.017861610371619464
640,71,39,0.5330654174089432,0.12459611929953099,0.015929358638823034,0.016178550897166133
641,71,59,0.5331321582198143,0.1252759013324976,0.014664415270090103,0.01491496697999537
642,71,79,0.5330440297722816,0.12451302818953991,0.015538364741951227,0.01578739071264863
643,71,99,0.5330373406410217,0.1286711771041155,0.015082258312031627,0.015339600667357445
644,71,119,0.5331552878022194,0.13176772594451905,0.014287617010995745,0.014551152428612112
645,71,139,0.5330756843090058,0.1285608135163784,0.014828006085008383,0.015085127670317888
646,71,159,0.5330624341964721,0.12440632656216621,0.015391673892736435,0.015640486404299735
647,71,179,0.5330411151051522,0.12248186580836773,0.015530930971726776,0.01577589474618435
648,72,19,0.6130420967936516,0.14945986308157444,0.016879907250404357,0.01717882682569325
649,72,39,0.5331803724169731,0.12487728521227837,0.01580653036944568,0.016056285006925464
650,72,59,0.5330796167254448,0.12543525956571103,0.015179836051538586,0.015430706553161144
651,72,79,0.5330677032470703,0.122723039239645,0.015531382989138365,0.015776829048991203
652,72,99,0.5331358835101128,0.12775329425930976,0.015144809382036328,0.015400316007435322
653,72,119,0.5330500364303589,0.12930315658450126,0.015208316780626775,0.015466923220083117
654,72,139,0.5330557450652122,0.12737422659993172,0.014947624225169421,0.015202372614294291
655,72,159,0.5330252319574356,0.12330033853650094,0.0157096185721457,0.01595621919259429
656,72,179,0.5330279499292374,0.13238374330103397,0.014654264971613883,0.01491903243586421
657,73,19,0.6130118399858475,0.14985273629426957,0.017214913899078966,0.017514619417488574
658,73,39,0.5330637037754059,0.1278116937726736,0.01568011869676411,0.015935741970315574
659,73,59,0.5330723747611046,0.12373425289988518,0.01568270935676992,0.01593017796985805
660,73,79,0.5330472767353058,0.12693949304521085,0.014708932070061565,0.014962810929864645
661,73,99,0.5331815496087075,0.12664791382849216,0.015195931121706963,0.015449227066710591
662,73,119,0.533132129907608,0.12169300355017185,0.015589119773358107,0.015832505840808152
663,73,139,0.5329873383045196,0.1312652613967657,0.014966118056327105,0.015228648576885462
664,73,159,0.5331044316291809,0.12458621002733708,0.015469671972095967,0.015718844393268226
665,73,179,0.5332435622811318,0.1260523796081543,0.014640005212277174,0.01489210999570787
666,74,19,0.6131629467010498,0.14310032613575457,0.017343053128570318,0.017629253584891556
667,74,39,0.5330623805522918,0.12257163785398006,0.015061320550739766,0.015306463837623597
668,74,59,0.5331047639250756,0.1255664549767971,0.01545373504050076,0.015704867895692587
669,74,79,0.5330612942576408,0.12445686794817448,0.01468664505518973,0.014935558848083019
670,74,99,0.5330404683947563,0.1356205500662327,0.01487122494727373,0.015142465988174082
671,74,119,0.5330536544322968,0.12809294685721398,0.015452887024730444,0.01570907309651375
672,74,139,0.5331901416182518,0.1276673711836338,0.014522396586835384,0.014777731243520975
673,74,159,0.5330848947167397,0.12080264426767826,0.01581767564639449,0.016059280885383487
674,74,179,0.5330273926258087,0.12242479249835014,0.015304715745151043,0.015549565432593226
675,75,19,0.6130795046687126,0.1460642285645008,0.016909103095531463,0.017201231652870776
676,75,39,0.5330777481198311,0.12318550758063793,0.015655346820130943,0.015901717776432633
677,75,59,0.5330517426133156,0.11993815414607525,0.016079119266942145,0.016318995552137495
678,75,79,0.5330494046211243,0.1221454244107008,0.015531002962961792,0.015775293856859208
679,75,99,0.5331010773777962,0.12482095472514629,0.01506950194016099,0.015319143887609243
680,75,119,0.5331138089299202,0.12249527908861638,0.01544381259009242,0.015688803186640142
681,75,139,0.5330933034420013,0.12481090761721134,0.014608384994789957,0.014858006779104472
682,75,159,0.5331262230873108,0.12810185849666594,0.0150694590061903,0.015325662912800908
683,75,179,0.5331485763192176,0.12681348770856857,0.01464572255499661,0.014899349445477128
684,76,19,0.613017950952053,0.14413470812141896,0.017720212461426854,0.01800848199054599
685,76,39,0.5330681011080742,0.12180673256516457,0.015367942117154598,0.015611555660143495
686,76,59,0.5331579566001892,0.12629239894449712,0.014575124066323043,0.014827708853408695
687,76,79,0.5330524072051048,0.12364947125315666,0.015362979099154472,0.01561027797870338
688,76,99,0.532993794977665,0.12309822887182235,0.015526872547343373,0.015773069066926836
689,76,119,0.5330577313899993,0.13247150741517544,0.014633961021900177,0.014898904133588076
690,76,139,0.533052608370781,0.12220419012010098,0.016214751405641437,0.016459160018712282
691,76,159,0.5330330982804299,0.12922194823622704,0.01488968338817358,0.015148127265274525
692,76,179,0.5331045970320701,0.12225589938461781,0.015199522674083709,0.01544403457082808
693,77,19,0.6130082011222839,0.1485741537064314,0.01678231921978295,0.01707946746610105
694,77,39,0.5330351948738098,0.1223479013890028,0.015473309159278869,0.0157180049456656
695,77,59,0.5330399841070175,0.12272552885115147,0.01559032560326159,0.01583577669225633
696,77,79,0.5330433741211891,0.1279006849974394,0.015032721078023314,0.01528852260671556
697,77,99,0.5330268889665604,0.12523615211248398,0.015006620762869715,0.015257093077525496
698,77,119,0.5330138489603996,0.12606331892311573,0.01476618368178606,0.015018310351297259
699,77,139,0.5330291360616684,0.13119761422276496,0.014976210240274668,0.01523860553279519
700,77,159,0.5330268874764442,0.12399045377969742,0.01570014264434576,0.015948123391717674
701,77,179,0.5330367788672448,0.1274513889104128,0.015473726578056813,0.015728629473596812
702,78,19,0.6131011307239532,0.15038711726665496,0.016447639651596548,0.01674841404892504
703,78,39,0.5330349192023277,0.12293313629925251,0.015604685060679913,0.015850551426410675
704,78,59,0.5331121295690536,0.123417604342103,0.015271592000499368,0.01551842731423676
705,78,79,0.5330079019069671,0.12746360376477242,0.015188145590946079,0.015443072840571403
706,78,99,0.5330429270863533,0.12869903817772865,0.015079275565221905,0.015336673567071557
707,78,119,0.533301156759262,0.1302297104150057,0.014743376011028885,0.015003835503011941
708,78,139,0.5331200778484344,0.13454215191304683,0.014807107392698526,0.015076191630214453
709,78,159,0.5330401539802552,0.12271714508533478,0.01626514717936516,0.016510581225156785
710,78,179,0.5330442398786545,0.13403571024537086,0.015173375187441707,0.015441446704789996
711,79,19,0.6129932850599289,0.140919154509902,0.018410753598436712,0.018692591693252325
712,79,39,0.5331158235669136,0.13123774379491807,0.014611822552978992,0.014874298125505447
713,79,59,0.5329871207475663,0.13524954542517661,0.014631401095539332,0.014901900338009
714,79,79,0.532976134121418,0.13079057894647123,0.014959441730752587,0.01522102290764451
715,79,99,0.5330860376358032,0.12672137878835202,0.015740235382691026,0.01599367829039693
716,79,119,0.5330392330884933,0.12417631633579732,0.015514746261760592,0.01576309883967042
717,79,139,0.5331051081418992,0.12431000843644142,0.01527258544228971,0.015521205589175224
718,79,159,0.5330076709389686,0.13169723972678185,0.014640095131471752,0.014903489593416452
719,79,179,0.5330923035740852,0.13019992485642434,0.014864306943491102,0.015124706784263253
720,80,19,0.6129427552223206,0.14731213301420212,0.0177888969425112,0.018083521258085967
721,80,39,0.5330263525247574,0.13011203557252884,0.015020741149783134,0.015280965296551586
722,80,59,0.5330644503235817,0.12978019416332245,0.014837057003751397,0.015096617490053177
723,80,79,0.5330188319087028,0.1301792472600937,0.014708144869655371,0.014968503452837466
724,80,99,0.5330117732286453,0.12691086567938328,0.01522180438041687,0.015475626010447741
725,80,119,0.533053132891655,0.12138046063482762,0.015467397682368756,0.015710158599540593
726,80,139,0.5330912709236145,0.12464975081384182,0.015349799301475286,0.015599098894745112
727,80,159,0.5331113949418068,0.12737769931554793,0.015441850945353507,0.015696606179699302
728,80,179,0.5329901352524757,0.12599765472114086,0.015310990018770098,0.015562985371798278
729,81,19,0.6130323022603988,0.14979142770171167,0.017453353852033615,0.017752936715260147
730,81,39,0.5330162033438682,0.12899310365319253,0.014679013146087527,0.014936999417841434
731,81,59,0.5330313831567765,0.12353387884795666,0.015339669864624738,0.015586737496778368
732,81,79,0.5331468090415001,0.11922177858650684,0.015141527401283383,0.01537997112609446
733,81,99,0.5331263989210129,0.13317987844347953,0.01476648929528892,0.015032849041745067
734,81,119,0.5330094218254089,0.13388553783297538,0.015434924932196736,0.015702696098014713
735,81,139,0.5330369874835015,0.12576786614954472,0.015553053375333548,0.015804589027538896
736,81,159,0.5331106364727021,0.12406603433191776,0.015061215870082379,0.01530934781767428
737,81,179,0.5329534739255906,0.131350776553154,0.015277322893962265,0.015540024312213064
738,82,19,0.6129806071519852,0.1465214028954506,0.01706128562800586,0.017354328511282803
739,82,39,0.5330531284213066,0.12628643363714218,0.01539276484400034,0.015645337756723166
740,82,59,0.533069072663784,0.12934239581227303,0.015111240837723017,0.0153699254617095
741,82,79,0.5330816730856895,0.12942776679992676,0.01483215456828475,0.015091010043397546
742,82,99,0.5330299660563469,0.12854030467569827,0.015017295721918344,0.015274376468732953
743,82,119,0.5331447347998619,0.12051242962479591,0.015711278514936568,0.01595230340026319
744,82,139,0.5330057606101036,0.12414333932101726,0.01606116513721645,0.016309451730921864
745,82,159,0.5330248385667801,0.13429275676608085,0.014503878029063343,0.014772463589906693
746,82,179,0.5331126913428307,0.12444015145301819,0.01535310260951519,0.015601982967928052
747,83,19,0.612968435883522,0.1474268089979887,0.017331642424687745,0.017626496078446508
748,83,39,0.5330304741859436,0.12583114318549632,0.015211874339729547,0.015463536651805044
749,83,59,0.5330068930983544,0.13012930378317833,0.015117380488663911,0.015377639140933753
750,83,79,0.5330121830105782,0.12430336400866508,0.015670598996803165,0.015919205825775863
751,83,99,0.53304682970047,0.12806913815438747,0.01525233699940145,0.015508475247770548
752,83,119,0.5331045687198639,0.12642013765871524,0.014977399725466967,0.015230239927768707
753,83,139,0.5330442309379577,0.1348588116466999,0.0147547310218215,0.015024448605254292
754,83,159,0.5330068245530128,0.12863888703286647,0.015777787007391453,0.01603506486862898
755,83,179,0.5330864891409874,0.12333282493054867,0.014709769934415817,0.014956435514613986
756,84,19,0.6129758283495903,0.15388605147600173,0.017023145454004407,0.017330917483195662
757,84,39,0.5330504938960076,0.13001164495944978,0.015248786844313144,0.01550881015136838
758,84,59,0.5330412924289704,0.12945629432797431,0.014854226121678948,0.015113138686865568
759,84,79,0.5330510690808297,0.12363549135625362,0.015430383570492267,0.015677654603496193
760,84,99,0.533051922917366,0.12211695499718189,0.015294448472559452,0.015538682276383043
761,84,119,0.5329945057630538,0.12645227499306202,0.015729959402233363,0.015982863819226624
762,84,139,0.5330019012093544,0.13099283985793592,0.015216738870367407,0.0154787243809551
763,84,159,0.5330076694488526,0.12648575231432915,0.015382334776222705,0.015635306388139723
764,84,179,0.5330258697271347,0.12931848429143428,0.014902808098122477,0.015161445271223784
765,85,19,0.6129456654191017,0.14558163210749625,0.016821312066167594,0.017112475493922828
766,85,39,0.5330393433570861,0.13000257015228273,0.015028186421841384,0.015288191661238671
767,85,59,0.5330427259206771,0.129408210888505,0.014855595538392663,0.015114411991089583
768,85,79,0.5330767184495926,0.12712581567466258,0.014646539464592934,0.014900791132822633
769,85,99,0.5330342724919319,0.12065555304288864,0.015464681992307305,0.015705993166193366
770,85,119,0.5330300271511078,0.12638990841805936,0.015398654388263822,0.015651434380561113
771,85,139,0.5330040469765663,0.12460043728351593,0.0154313447419554,0.015680545615032314
772,85,159,0.5330352261662483,0.12489680536091327,0.015588318137452007,0.015838111704215407
773,85,179,0.5330226793885231,0.1254120085388422,0.01515210885554552,0.015402932884171605
774,86,19,0.6130004346370697,0.1475795902311802,0.016857614601030947,0.017152773728594185
775,86,39,0.5331635907292366,0.12817937284708023,0.014626750629395247,0.014883109461516142
776,86,59,0.5331076487898827,0.12340364940464496,0.015700342319905757,0.015947149693965913
777,86,79,0.5330334186553956,0.1195245660841465,0.01511592878960073,0.015354977920651436
778,86,99,0.5330262646079064,0.12231991924345494,0.014863372687250376,0.015108012408018113
779,86,119,0.5330083534121514,0.12288691736757755,0.014629246667027473,0.014875020552426576
780,86,139,0.5330430135130882,0.1239848256111145,0.015062497975304723,0.015310467733070255
781,86,159,0.5330313697457314,0.12346248626708985,0.015528884343802929,0.015775809437036513
782,86,179,0.5331069737672806,0.11671645566821098,0.016569792246446013,0.016803225176408886
783,87,19,0.612965103983879,0.1446561250835657,0.017077542236074807,0.017366854520514608
784,87,39,0.5330093652009964,0.12427709512412548,0.015028984192758799,0.015277538495138288
785,87,59,0.5329870343208313,0.12319400534033775,0.01513105076737702,0.015377438766881824
786,87,79,0.5330451101064682,0.11838189512491226,0.01645901449956,0.016695778397843242
787,87,99,0.5332548007369041,0.12148209661245346,0.014422017987817526,0.014664982166141271
788,87,119,0.5329611107707024,0.12313784174621105,0.014608496241271496,0.01485477201640606
789,87,139,0.5330164104700088,0.12219898626208306,0.015092089120298625,0.015336487209424376
790,87,159,0.5330270007252693,0.11791235096752643,0.015766434092074632,0.01600225889123976
791,87,179,0.53307626247406,0.12394809052348137,0.015006253262981772,0.015254149492830039
792,88,19,0.6129781290888786,0.13928467221558094,0.018104319693520665,0.018382889218628407
793,88,39,0.5330545842647553,0.12039935812354088,0.015421975450590254,0.015662774024531246
794,88,59,0.533014976978302,0.12371176071465015,0.015108345728367566,0.015355769265443086
795,88,79,0.5330117866396904,0.12215955667197705,0.015290331467986107,0.015534650394693017
796,88,99,0.5330314308404922,0.12177406176924706,0.014923534262925387,0.015167082613334059
797,88,119,0.5330298960208892,0.122261793166399,0.015148613695055246,0.015393137140199542
798,88,139,0.5330058306455612,0.12380221337080002,0.014762722281739115,0.015010326774790883
799,88,159,0.5330236047506333,0.1224536221474409,0.015232953522354365,0.015477860812097788
800,88,179,0.533022341132164,0.1268792927265167,0.014850645745173096,0.015104404324665666
801,89,19,0.6130392774939537,0.14399248249828817,0.01841369871981442,0.018701683776453138
802,89,39,0.5331083223223686,0.125080481544137,0.015594186773523689,0.01584434760734439
803,89,59,0.5330667331814766,0.12287371084094048,0.014663650840520858,0.014909398183226586
804,89,79,0.5329737901687622,0.1263257946819067,0.015398348774760961,0.0156510004773736
805,89,99,0.5330794423818588,0.11990773193538189,0.015018923394382,0.0152587388176471
806,89,119,0.5329748511314392,0.12187238298356533,0.015866477228701114,0.01611022180877626
807,89,139,0.5330227002501488,0.12522699646651744,0.015007363026961684,0.015257816901430488
808,89,159,0.5329968705773354,0.1253946002572775,0.015105281630530954,0.015356071013957261
809,89,179,0.5329682022333145,0.12990337163209914,0.015019201068207621,0.015279007889330388
810,90,19,0.6129430249333382,0.1433007474988699,0.01752477320842445,0.01781137487851083
811,90,39,0.5330138310790062,0.12191022671759129,0.015390797657892108,0.015634618140757083
812,90,59,0.5330669686198235,0.12535603828728198,0.015206079557538032,0.015456791641190648
813,90,79,0.5330761894583702,0.12353480830788613,0.015067159151658415,0.01531422887928784
814,90,99,0.5330714851617813,0.1289282575249672,0.014386910898610949,0.014644767483696341
815,90,119,0.5329814165830612,0.12422280795872212,0.01553181502968073,0.015780260460451244
816,90,139,0.5330393180251122,0.12293693646788598,0.01511271959170699,0.015358593547716737
817,90,159,0.5330040737986564,0.12305600754916668,0.015376058453693987,0.015622170362621545
818,90,179,0.5330078408122063,0.12571170777082444,0.014955041836947203,0.015206465497612953
819,91,19,0.6129751041531563,0.14151982665061952,0.0178380916826427,0.018121131556108595
820,91,39,0.533080731332302,0.12491661310195923,0.014327486138790846,0.014577319426462055
821,91,59,0.5330140337347984,0.11937876641750336,0.01594567010179162,0.016184427635744215
822,91,79,0.5329702898859978,0.12393434531986713,0.014883636310696603,0.015131504973396659
823,91,99,0.5330200836062431,0.11872360594570637,0.015777025604620576,0.016014472860842944
824,91,119,0.5330295160412788,0.1289634235203266,0.014201475121080876,0.01445940206758678
825,91,139,0.5330508276820183,0.12587942816317083,0.015303002065047621,0.015554760908707976
826,91,159,0.5330076962709427,0.12046123556792736,0.015298709366470575,0.015539631946012378
827,91,179,0.5329858064651489,0.12299807593226433,0.01483736070804298,0.015083356900140643
828,92,19,0.612983351945877,0.14375624507665635,0.0173106144182384,0.017598126968368887
829,92,39,0.5330043748021126,0.11897641457617283,0.015291939536109567,0.015529892267659306
830,92,59,0.5329894036054611,0.12156372591853142,0.014910852955654263,0.015153980487957597
831,92,79,0.5330499395728111,0.12439792491495609,0.014889979222789406,0.015138775063678622
832,92,99,0.5330707117915153,0.11708975620567799,0.015880880458280445,0.016115060076117516
833,92,119,0.5329422026872634,0.1271075639873743,0.014991025906056166,0.015245241019874812
834,92,139,0.5331328168511391,0.12058462426066399,0.015771530428901316,0.016012699622660876
835,92,159,0.5329759553074837,0.11965136341750622,0.01576109454035759,0.016000397410243748
836,92,179,0.5329870820045471,0.1284730475395918,0.014324801089242101,0.014581747353076935
837,93,19,0.6129426747560501,0.1449311353266239,0.018030002852901815,0.018319865129888056
838,93,39,0.5330115169286728,0.12282269895076751,0.014820378180593253,0.015066023590043187
839,93,59,0.5330465316772461,0.12904974035918712,0.015127477003261447,0.015385576570406557
840,93,79,0.5329588055610657,0.11771023869514466,0.015087771555408835,0.015323192067444324
841,93,99,0.5330774053931236,0.11955684274435044,0.01607839441858232,0.016317508136853575
842,93,119,0.5329764783382416,0.12512168549001218,0.014196031587198376,0.014446274936199188
843,93,139,0.533196610212326,0.12081823758780956,0.015772690065205097,0.01601432668976486
844,93,159,0.5329762056469918,0.12190181277692318,0.015095834620296955,0.01533963824622333
845,93,179,0.5330323159694672,0.12785643003880978,0.014389634085819124,0.014645347092300653
846,94,19,0.6129481643438339,0.14521869122982026,0.016829188587144016,0.01711962609551847
847,94,39,0.5329968720674515,0.11864273399114608,0.01540875774808228,0.015646043233573437
848,94,59,0.5329591527581214,0.12148799672722817,0.014899855712428689,0.015142831671983003
849,94,79,0.5329647421836853,0.12170206680893898,0.014603000320494174,0.014846404548734426
850,94,99,0.5329768791794777,0.12063057944178582,0.015657493425533176,0.01589875458739698
851,94,119,0.5329806342720985,0.125810007750988,0.015292755840346218,0.015544376010075212
852,94,139,0.5329980254173279,0.1207506861537695,0.014790815766900778,0.015032317116856575
853,94,159,0.5330393582582473,0.12405929490923881,0.015059279976412654,0.015307398280128837
854,94,179,0.5330091491341591,0.1204950600862503,0.015698011359199883,0.015939001506194473
855,95,19,0.6129665911197663,0.1401055060327053,0.017106103664264082,0.017386314831674098
856,95,39,0.532962691783905,0.12331002913415431,0.01605609469115734,0.01630271482281387
857,95,59,0.533013679087162,0.1267838727682829,0.014925953187048435,0.015179520938545465
858,95,79,0.5330691367387772,0.12256968803703785,0.01491127097979188,0.015156410401687026
859,95,99,0.5329948008060456,0.12072577849030494,0.01564769959077239,0.01588915130123496
860,95,119,0.5329963400959968,0.11974414549767971,0.01596090164966881,0.01620038989931345
861,95,139,0.5330126002430916,0.12232988849282264,0.01525423415005207,0.015498894080519677
862,95,159,0.532980115711689,0.12663843855261803,0.014816634496673942,0.01506991139613092
863,95,179,0.5330268532037735,0.12657754719257355,0.014338705316185951,0.014591860445216298
864,96,19,0.6129377663135529,0.14412204436957837,0.017557721072807907,0.017845965269953013
865,96,39,0.5329801335930824,0.12502672262489795,0.015545248053967953,0.015795301459729672
866,96,59,0.5330727472901344,0.12470886819064617,0.015166244702413678,0.01541566252708435
867,96,79,0.5330060437321663,0.12336605302989483,0.015282273571938277,0.015529005695134402
868,96,99,0.5329834327101708,0.11926178634166718,0.015700275683775543,0.015938799176365138
869,96,119,0.5329483687877655,0.12840217873454093,0.0147298744879663,0.014986679051071405
870,96,139,0.5330016762018204,0.12457854449748992,0.01512438217177987,0.015373539226129652
871,96,159,0.532964363694191,0.12439759746193886,0.014560060948133469,0.014808856137096881
872,96,179,0.5330013558268547,0.12366509772837161,0.01539432411082089,0.015641654282808302
873,97,19,0.612937618792057,0.1377416029572487,0.018000127794221044,0.018275611056014895
874,97,39,0.5330425754189492,0.1266466610133648,0.014765722770243883,0.015019016014412046
875,97,59,0.5330015048384666,0.12623610012233258,0.01507688770070672,0.01532935993745923
876,97,79,0.5329889878630638,0.12436593808233738,0.015219718171283602,0.015468449983745813
877,97,99,0.5330273419618606,0.12032733373343944,0.015840087179094554,0.01608074181713164
878,97,119,0.5329588130116463,0.12612988017499446,0.014548764610663057,0.014801024226471782
879,97,139,0.5329842001199723,0.12451042979955673,0.01535508530214429,0.015604106290265918
880,97,159,0.5330021485686303,0.12564022317528725,0.014971676375716924,0.0152229567989707
881,97,179,0.5329760387539864,0.12615459337830542,0.014933489076793195,0.015185798238962888
882,98,19,0.6129933834075928,0.13587609119713306,0.018285165168344976,0.018556917272508144
883,98,39,0.5330069124698639,0.12272560186684131,0.015456142323091625,0.015701593458652498
884,98,59,0.532962615787983,0.125555757060647,0.015123669523745775,0.015374781005084515
885,98,79,0.5330067902803421,0.1329006228595972,0.014198320358991623,0.014464121544733644
886,98,99,0.5329718008637429,0.12650945857167245,0.015531580010429025,0.015784598933532835
887,98,119,0.5329788848757744,0.12814137414097787,0.014864698145538568,0.015120980935171247
888,98,139,0.5330045267939567,0.13202418573200703,0.014376625558361411,0.014640673901885748
889,98,159,0.5329942986369133,0.12386301271617413,0.015426790388301016,0.015674516465514897
890,98,179,0.5330112710595131,0.12114959731698036,0.015635522780939937,0.015877821948379278
891,99,19,0.6129930555820465,0.14490793012082576,0.016859465558081866,0.01714928145520389
892,99,39,0.5329921275377274,0.12619190998375415,0.015054753189906478,0.0153071369510144
893,99,59,0.5330006748437881,0.12118506394326686,0.016357037238776684,0.016599407233297826
894,99,79,0.5329525917768478,0.12461683042347431,0.015031314641237258,0.015280548203736543
895,99,99,0.5330065622925758,0.12259224578738212,0.015825713891535996,0.016070898436009885
896,99,119,0.5329637140035629,0.11726317629218101,0.015800839848816396,0.016035366198047997
897,99,139,0.5330382212996483,0.12654272094368935,0.014863118482753634,0.015116203902289271
898,99,159,0.5329900249838829,0.13268840946257116,0.014543823339045048,0.014809200214222074
899,99,179,0.5330860361456871,0.1354903619736433,0.014115114137530327,0.0143860949203372
